cadence,distance,heart_rate,speed,temperature,timestamp,altitude,latitude,longitude,slope,time_diff,acceleration,height,weight,predicted_power
68.0,0.0,139,0.0,18,2025-03-06 00:48:03,,,,0.0,,0.0,177,72,133.12546
68.0,0.0,141,0.0,18,2025-03-06 00:48:04,,,,0.0,1.0,,177,72,177.64404
0.0,0.0,142,0.0,18,2025-03-06 00:48:05,,,,0.0,1.0,0.0,177,72,7.271208
0.0,0.0,141,0.0,18,2025-03-06 00:48:06,,,,0.0,1.0,0.0,177,72,8.764702
0.0,0.0,141,0.0,18,2025-03-06 00:48:07,,,,0.0,1.0,0.0,177,72,8.764702
0.0,0.0,141,0.0,18,2025-03-06 00:48:08,,,,0.0,1.0,0.0,177,72,8.764702
68.0,0.0,140,0.0,17,2025-03-06 00:48:14,,,,0.0,6.0,0.0,177,72,134.17268
0.0,0.0,140,0.0,17,2025-03-06 00:48:15,,,,0.0,1.0,0.0,177,72,11.866662
0.0,0.0,139,0.0,17,2025-03-06 00:48:16,,,,0.0,1.0,0.0,177,72,14.133218
0.0,0.0,137,0.0,17,2025-03-06 00:48:17,,,,0.0,1.0,0.0,177,72,12.75278
0.0,0.0,136,0.0,17,2025-03-06 00:48:18,,,,0.0,1.0,0.0,177,72,13.014472
0.0,0.0,136,0.0,17,2025-03-06 00:48:21,,,,0.0,3.0,0.0,177,72,13.014472
0.0,0.0,136,0.0,17,2025-03-06 00:48:22,,,,0.0,1.0,0.0,177,72,13.014472
0.0,0.0,134,0.0,17,2025-03-06 00:48:23,,,,0.0,1.0,0.0,177,72,13.088354
0.0,0.0,133,0.0,17,2025-03-06 00:48:24,,,,0.0,1.0,0.0,177,72,12.979144
0.0,0.0,118,2.39,15,2025-03-06 00:49:41,39.79999999999996,39.844410717487335,116.4150714688003,0.0,77.0,0.031038961038961,177,72,-13.315657
0.0,0.0,116,2.608,15,2025-03-06 00:49:42,39.79999999999996,39.84441096894443,116.41510332003236,0.0,1.0,0.2179999999999999,177,72,-3.6652892
0.0,2.97,115,2.88,15,2025-03-06 00:49:43,39.60000000000002,39.84440987929702,116.41513818874957,-6.734006734004437,1.0,0.2719999999999998,177,72,1.9970292
0.0,9.34,115,3.755,15,2025-03-06 00:49:44,39.60000000000002,39.84440359286964,116.41517749987544,0.0,1.0,0.875,177,72,1.7968825
0.0,13.29,115,4.152,15,2025-03-06 00:49:45,39.60000000000002,39.84439110383392,116.41522091813384,0.0,1.0,0.3970000000000002,177,72,10.928096
23.0,17.74,115,4.48,15,2025-03-06 00:49:46,39.60000000000002,39.844375010579824,116.41526869498192,0.0,1.0,0.3280000000000003,177,72,63.210957
23.0,22.37,114,4.428,15,2025-03-06 00:49:47,39.60000000000002,39.84436210244894,116.41532032750548,0.0,1.0,-0.0520000000000004,177,72,20.690536
23.0,27.1,114,4.763,15,2025-03-06 00:49:48,39.79999999999996,39.8443574924022,116.41537548042834,4.228329809723716,1.0,0.3349999999999999,177,72,87.209145
20.0,32.12,114,5.118,15,2025-03-06 00:49:49,39.79999999999996,39.84435992315412,116.4154343213886,0.0,1.0,0.3550000000000004,177,72,31.63994
20.0,37.4,115,5.251,15,2025-03-06 00:49:50,39.79999999999996,39.8443641141057,116.41549609601498,0.0,1.0,0.133,177,72,11.099344
57.0,67.83,117,5.399,15,2025-03-06 00:49:56,39.79999999999996,39.84437769278884,116.41585257835686,0.0,6.0,0.0246666666666666,177,72,77.35548
64.0,73.17,117,5.688,15,2025-03-06 00:49:57,39.79999999999996,39.84437660314143,116.41591519117355,0.0,1.0,0.2889999999999997,177,72,117.00351
67.0,78.85,117,5.947,15,2025-03-06 00:49:58,39.79999999999996,39.844375513494015,116.41598182730375,0.0,1.0,0.2590000000000003,177,72,124.11909
69.0,84.78,117,5.986,15,2025-03-06 00:49:59,39.79999999999996,39.84437417238951,116.41605139710008,0.0,1.0,0.0389999999999997,177,72,75.55352
68.0,126.4,121,5.867,15,2025-03-06 00:50:06,40.0,39.84437291510403,116.4165393076837,0.4805382027872308,7.0,-0.0169999999999999,177,72,69.850494
69.0,132.28,124,5.999,15,2025-03-06 00:50:07,40.0,39.844377022236586,116.41660812310874,0.0,1.0,0.1319999999999996,177,72,84.97709
72.0,138.3,128,6.161,15,2025-03-06 00:50:08,40.200000000000045,39.844379369169474,116.41667861491442,3.322259136213374,1.0,0.1619999999999999,177,72,163.81548
76.0,144.42,128,6.159,15,2025-03-06 00:50:09,40.200000000000045,39.844380374997854,116.4167504478246,0.0,1.0,-0.0019999999999997,177,72,122.20735
73.0,150.65,130,6.231,15,2025-03-06 00:50:10,40.200000000000045,39.84438171610236,116.41682345420122,0.0,1.0,0.072,177,72,114.45236
76.0,156.95,132,6.281,15,2025-03-06 00:50:11,40.200000000000045,39.84438347630203,116.4168973825872,0.0,1.0,0.0499999999999998,177,72,125.46795
74.0,163.31,132,6.327,15,2025-03-06 00:50:12,40.200000000000045,39.84438406303525,116.41697198152542,0.0,1.0,0.0460000000000002,177,72,111.07768
0.0,211.62,138,6.086,14,2025-03-06 00:50:20,40.60000000000002,39.84437718987465,116.41753868199883,0.8279859242392409,8.0,-0.0301249999999999,177,72,-5.5826435
72.0,259.31,140,5.321,14,2025-03-06 00:50:28,40.60000000000002,39.84436285682023,116.41809792257844,0.0,8.0,-0.095625,177,72,73.45864
67.0,301.15,139,5.641,14,2025-03-06 00:50:36,41.0,39.84434709884226,116.41858809627593,0.9560229445506154,8.0,0.04,177,72,102.00506
67.0,335.41,135,6.531,14,2025-03-06 00:50:42,41.200000000000045,39.84441189095378,116.41898036934435,0.5837711617047437,6.0,0.1483333333333333,177,72,96.45231
76.0,341.9,135,6.68,14,2025-03-06 00:50:43,41.200000000000045,39.84441583044827,116.41905630938707,0.0,1.0,0.149,177,72,129.30295
81.0,348.62,135,6.732,14,2025-03-06 00:50:44,41.200000000000045,39.84441507607698,116.41913518309592,0.0,1.0,0.0520000000000004,177,72,119.32169
78.0,355.52,136,6.831,14,2025-03-06 00:50:45,41.200000000000045,39.84441130422056,116.4192159846425,0.0,1.0,0.0990000000000002,177,72,123.912834
83.0,376.34,137,6.756,14,2025-03-06 00:50:48,41.200000000000045,39.84439470805228,116.41945931129158,0.0,3.0,-0.025,177,72,120.8234
81.0,403.79,140,6.943,14,2025-03-06 00:50:52,41.200000000000045,39.84439630061388,116.4197812601924,0.0,4.0,0.0467499999999998,177,72,148.14963
83.0,410.77,140,7.065,14,2025-03-06 00:50:53,41.200000000000045,39.84439621679485,116.41986315138638,0.0,1.0,0.1220000000000007,177,72,155.26553
85.0,417.8,140,7.052,14,2025-03-06 00:50:54,41.39999999999998,39.84439630061388,116.41994571313262,2.844950213370284,1.0,-0.0130000000000007,177,72,172.48589
0.0,457.85,143,6.114,13,2025-03-06 00:51:00,41.39999999999998,39.84438305720687,116.42041518352926,0.0,6.0,-0.1563333333333333,177,72,-3.3435807
60.0,463.7,144,5.425,13,2025-03-06 00:51:01,41.60000000000002,39.844379872083664,116.42048366367816,3.418803418804216,1.0,-0.6890000000000001,177,72,45.44372
0.0,497.09,142,3.361,13,2025-03-06 00:51:09,41.79999999999996,39.84437257982791,116.42087509855628,0.5989817310569987,8.0,-0.2579999999999999,177,72,2.158695
60.0,520.92,140,3.706,13,2025-03-06 00:51:17,41.60000000000002,39.84437618404627,116.4211537130177,-0.8392782207298863,8.0,0.0431249999999999,177,72,109.15199
0.0,552.13,133,4.297,13,2025-03-06 00:51:25,41.60000000000002,39.84434927813709,116.42151748761536,0.0,8.0,0.0738749999999999,177,72,5.747417
0.0,576.14,128,0.0,13,2025-03-06 00:51:33,41.60000000000002,39.84433067031205,116.42180699855088,0.0,8.0,-0.537125,177,72,-0.7439957
0.0,576.14,128,0.0,13,2025-03-06 00:51:36,41.60000000000002,39.844333184883,116.4217996224761,0.0,3.0,0.0,177,72,-8.105717
0.0,583.19,112,3.226,12,2025-03-06 00:53:22,41.39999999999998,39.84432706609368,116.4218818489462,-2.836879432624731,106.0,0.0304339622641509,177,72,-15.3241005
0.0,626.97,117,6.228,12,2025-03-06 00:53:30,41.39999999999998,39.84434123151004,116.4223950728774,0.0,8.0,0.37525,177,72,25.685892
88.0,653.09,120,6.547,12,2025-03-06 00:53:34,41.200000000000045,39.844339890405536,116.4227015990764,-0.7656967840732456,4.0,0.0797499999999999,177,72,106.73297
0.0,707.04,127,6.644,12,2025-03-06 00:53:42,41.0,39.84435682184994,116.42333409748971,-0.3707136237257566,8.0,0.012125,177,72,-11.877057
0.0,758.43,131,5.17,12,2025-03-06 00:53:50,40.79999999999996,39.84435070306063,116.42393700778484,-0.3891807744698298,8.0,-0.18425,177,72,-4.0770745
0.0,784.04,127,1.017,11,2025-03-06 00:53:58,41.200000000000045,39.8443538043648,116.42423741519453,1.5618898867633375,8.0,-0.5191250000000001,177,72,-0.8242195
0.0,788.75,128,2.426,11,2025-03-06 00:54:02,41.200000000000045,39.844373585656285,116.42428016290069,0.0,4.0,0.35225,177,72,-3.3475828
40.0,798.25,130,4.952,11,2025-03-06 00:54:05,41.200000000000045,39.84438850544393,116.42438745126128,0.0,3.0,0.842,177,72,122.9655
82.0,847.48,133,6.541,11,2025-03-06 00:54:13,41.0,39.84438347630203,116.42496488057076,-0.4062563477555259,8.0,0.198625,177,72,123.59244
77.0,899.95,137,6.503,11,2025-03-06 00:54:21,41.0,39.84437760896981,116.42558036372066,0.0,8.0,-0.00475,177,72,110.26749
76.0,951.19,143,6.682,11,2025-03-06 00:54:29,41.200000000000045,39.84438666142523,116.42618142999709,0.3903200624512987,8.0,0.022375,177,72,120.433075
0.0,1002.41,144,5.739,11,2025-03-06 00:54:37,41.200000000000045,39.844389678910375,116.42678232863544,0.0,8.0,-0.117875,177,72,-8.394536
73.0,1028.67,145,5.734,11,2025-03-06 00:54:42,41.200000000000045,39.84437618404627,116.42708960920572,0.0,5.0,-0.0009999999999999,177,72,94.48065
0.0,1070.26,146,4.762,11,2025-03-06 00:54:50,41.0,39.8443709872663,116.42757751978934,-0.4808848280837842,8.0,-0.1215,177,72,-11.844763
0.0,1107.92,143,4.929,11,2025-03-06 00:54:58,41.0,39.84437542967498,116.42801932990552,0.0,8.0,0.020875,177,72,-5.4359274
77.0,1154.54,142,6.298,11,2025-03-06 00:55:06,41.0,39.84436788596213,116.42856616526842,0.0,8.0,0.1711249999999999,177,72,133.9619
80.0,1206.81,144,6.505,10,2025-03-06 00:55:14,41.0,39.84437727369368,116.42917930148542,0.0,8.0,0.0258749999999999,177,72,101.78641
78.0,1258.39,145,6.562,10,2025-03-06 00:55:22,41.0,39.84436880797148,116.42978439107536,0.0,8.0,0.007125,177,72,97.08644
87.0,1299.12,141,7.195,10,2025-03-06 00:55:28,41.200000000000045,39.84437023289502,116.43026215955616,0.4910385465260164,6.0,0.1055,177,72,132.49579
83.0,1306.33,141,7.281,10,2025-03-06 00:55:29,41.200000000000045,39.84436989761889,116.43034681677818,0.0,1.0,0.0859999999999994,177,72,111.57025
87.0,1313.66,140,7.382,10,2025-03-06 00:55:30,41.200000000000045,39.84436855651438,116.43043281510472,0.0,1.0,0.1009999999999999,177,72,121.93795
85.0,1321.08,140,7.458,10,2025-03-06 00:55:31,41.200000000000045,39.84436746686697,116.43051990307868,0.0,1.0,0.0760000000000005,177,72,111.81466
89.0,1328.6,140,7.582,10,2025-03-06 00:55:32,41.200000000000045,39.84436796978116,116.43060808070004,0.0,1.0,0.1239999999999996,177,72,126.98802
92.0,1336.21,140,7.648,10,2025-03-06 00:55:33,41.200000000000045,39.84437048435211,116.4306972641498,0.0,1.0,0.0659999999999998,177,72,123.672
89.0,1343.92,141,7.771,10,2025-03-06 00:55:34,41.200000000000045,39.84437350183725,116.430787704885,0.0,1.0,0.1230000000000002,177,72,127.132
96.0,1351.73,141,7.881,10,2025-03-06 00:55:35,41.0,39.84437559731305,116.43087931908669,-2.560819462228513,1.0,0.1100000000000003,177,72,121.62097
96.0,1359.62,141,7.926,10,2025-03-06 00:55:36,41.0,39.844374591484666,116.43097185529768,0.0,1.0,0.0449999999999999,177,72,124.02919
96.0,1367.59,143,8.051,10,2025-03-06 00:55:37,41.0,39.84436956234276,116.43106522969902,0.0,1.0,0.125,177,72,142.59335
103.0,1375.65,143,8.08,10,2025-03-06 00:55:38,40.79999999999996,39.844363778829575,116.4311595261097,-2.4813895781642827,1.0,0.0289999999999999,177,72,128.69798
93.0,1383.79,143,8.174,10,2025-03-06 00:55:39,40.79999999999996,39.84435916878283,116.43125482834876,0.0,1.0,0.0939999999999994,177,72,133.87103
95.0,1392.0,143,8.253,10,2025-03-06 00:55:40,40.79999999999996,39.844356486573815,116.43135105259717,0.0,1.0,0.0790000000000006,177,72,130.5902
98.0,1400.27,143,8.282,10,2025-03-06 00:55:41,40.79999999999996,39.84435548074544,116.43144811503588,0.0,1.0,0.0289999999999999,177,72,123.47309
100.0,1408.6,144,8.347,10,2025-03-06 00:55:42,40.79999999999996,39.84435489401221,116.43154576420784,0.0,1.0,0.0649999999999995,177,72,129.14842
0.0,1441.43,150,7.951,10,2025-03-06 00:55:46,40.60000000000002,39.84435170888901,116.43193091265856,-0.6091989034417632,4.0,-0.0989999999999999,177,72,-7.366769
0.0,1449.36,151,7.874,10,2025-03-06 00:55:47,40.60000000000002,39.844348607584834,116.43202386796474,0.0,1.0,-0.0769999999999999,177,72,-4.895353
0.0,1464.95,152,7.874,10,2025-03-06 00:55:49,40.60000000000002,39.84434483572841,116.43220676109196,0.0,2.0,0.0,177,72,0.6487786
0.0,1508.36,153,6.435,10,2025-03-06 00:55:55,40.200000000000045,39.84434173442423,116.43271612934768,-0.9214466712738508,6.0,-0.2398333333333333,177,72,-15.117738
0.0,1520.14,154,4.933,10,2025-03-06 00:55:57,40.200000000000045,39.84433083795011,116.43285350874066,0.0,2.0,-0.7509999999999999,177,72,-24.484476
0.0,1536.28,153,0.916,10,2025-03-06 00:56:03,40.0,39.84431147575378,116.4330378267914,-1.2391573729866607,6.0,-0.6694999999999999,177,72,-18.05503
55.0,1562.48,147,5.651,10,2025-03-06 00:56:11,40.200000000000045,39.84454583376646,116.43306498415768,0.7633587786261264,8.0,0.5918749999999999,177,72,167.98671
74.0,1613.45,146,6.36,10,2025-03-06 00:56:19,40.0,39.84500256367028,116.43300547264516,-0.3923876790269676,8.0,0.088625,177,72,98.85419
76.0,1665.27,151,6.314,9,2025-03-06 00:56:27,40.0,39.845469100400805,116.43298728391528,0.0,8.0,-0.00575,177,72,107.60147
0.0,1712.11,150,5.163,9,2025-03-06 00:56:35,40.200000000000045,39.84589096158743,116.43298242241144,0.426985482493693,8.0,-0.1438749999999999,177,72,-6.0465984
72.0,1739.31,155,5.817,9,2025-03-06 00:56:40,40.0,39.8461358807981,116.43298929557204,-0.7352941176472247,5.0,0.1307999999999999,177,72,155.78168
70.0,1786.21,153,6.003,9,2025-03-06 00:56:48,39.79999999999996,39.84655832871795,116.43297957256436,-0.4264392324094778,8.0,0.0232499999999999,177,72,138.92314
77.0,1817.87,157,6.423,9,2025-03-06 00:56:53,39.79999999999996,39.84684306196869,116.43295937217772,0.0,5.0,0.0839999999999999,177,72,148.48436
78.0,1830.47,158,6.321,9,2025-03-06 00:56:55,39.79999999999996,39.8469564691186,116.43295568414032,0.0,2.0,-0.0510000000000001,177,72,133.2631
78.0,1849.83,159,6.529,9,2025-03-06 00:56:58,39.79999999999996,39.84713098034263,116.43295476213098,0.0,3.0,0.0693333333333334,177,72,155.57774
81.0,1903.4,160,6.564,9,2025-03-06 00:57:06,39.60000000000002,39.84761302359402,116.43292861059308,-0.3733432891542489,8.0,0.004375,177,72,143.52695
78.0,1929.24,161,6.382,9,2025-03-06 00:57:10,39.39999999999998,39.84784536994994,116.43291452899577,-0.7739938080497141,4.0,-0.0455,177,72,137.07628
76.0,1935.59,162,6.329,9,2025-03-06 00:57:11,39.60000000000002,39.8479026183486,116.43291721120475,3.14960629921336,1.0,-0.0529999999999999,177,72,139.08275
78.0,1954.52,163,6.591,9,2025-03-06 00:57:14,39.60000000000002,39.84807226806879,116.43293799832465,0.0,3.0,0.0873333333333334,177,72,152.84302
0.0,1991.08,161,5.304,9,2025-03-06 00:57:20,39.39999999999998,39.84840016812086,116.43297052010894,-0.5470459518600814,6.0,-0.2145,177,72,-13.5172
74.0,2021.19,154,0.0,9,2025-03-06 00:57:28,39.79999999999996,39.84868423081935,116.43295551650226,1.3284623048820177,8.0,-0.663,177,72,10.321666
0.0,2021.19,151,0.0,9,2025-03-06 00:57:32,40.0,39.8486777767539,116.43295149318874,0.0,4.0,0.0,177,72,2.056338
80.0,2062.75,148,6.586,8,2025-03-06 00:58:01,39.79999999999996,39.84905060380697,116.43290631473064,-0.4812319538018424,29.0,0.227103448275862,177,72,140.65175
84.0,2118.77,147,6.916,8,2025-03-06 00:58:09,40.200000000000045,39.84955469146371,116.43288728781044,0.7140307033204053,8.0,0.04125,177,72,117.40043
81.0,2174.0,154,6.715,8,2025-03-06 00:58:17,40.79999999999996,39.85005207359791,116.4328840188682,1.0863661053773472,8.0,-0.025125,177,72,117.68828
0.0,2225.92,158,6.126,8,2025-03-06 00:58:25,40.79999999999996,39.85051936469972,116.43286415375768,0.0,8.0,-0.0736249999999999,177,72,-0.8924918
78.0,2270.94,159,5.099,8,2025-03-06 00:58:33,40.79999999999996,39.85092479735613,116.43284956924616,0.0,8.0,-0.128375,177,72,90.82968
76.0,2317.23,157,6.27,8,2025-03-06 00:58:41,40.60000000000002,39.85134079121053,116.43281444907188,-0.4320587599912118,8.0,0.1463749999999999,177,72,157.30481
74.0,2368.79,156,6.444,8,2025-03-06 00:58:49,40.39999999999998,39.85180489718914,116.43279642798008,-0.3878975950349994,8.0,0.02175,177,72,125.99922
78.0,2422.09,156,6.668,8,2025-03-06 00:58:57,40.39999999999998,39.85228459350765,116.43281620927156,0.0,8.0,0.028,177,72,129.26363
76.0,2464.49,159,2.82,8,2025-03-06 00:59:05,40.79999999999996,39.85266521573067,116.43278217874467,0.9433962264150488,8.0,-0.481,177,72,45.76883
70.0,2484.82,157,6.409,8,2025-03-06 00:59:10,40.79999999999996,39.85284626483917,116.43276088871062,0.0,5.0,0.7178,177,72,208.43895
84.0,2541.5,154,7.035,8,2025-03-06 00:59:18,41.0,39.85335680656135,116.43274990841746,0.3528581510233698,8.0,0.07825,177,72,152.49059
0.0,2598.03,163,6.72,7,2025-03-06 00:59:26,41.200000000000045,39.85386558808386,116.4327270258218,0.3537944454272859,8.0,-0.039375,177,72,-0.44562277
0.0,2645.53,162,5.271,7,2025-03-06 00:59:34,41.0,39.85429331660271,116.43272291868924,-0.4210526315790431,8.0,-0.1811249999999999,177,72,-8.592806
55.0,2676.44,160,4.703,7,2025-03-06 00:59:42,41.0,39.85457151196897,116.4327100943774,0.0,8.0,-0.0709999999999999,177,72,103.17587
82.0,2726.73,157,6.984,7,2025-03-06 00:59:50,40.60000000000002,39.8550243023783,116.43269391730428,-0.7953867568104545,8.0,0.2851249999999999,177,72,205.5878
81.0,2782.46,160,6.628,7,2025-03-06 00:59:58,40.60000000000002,39.85552595928311,116.4326717890799,0.0,8.0,-0.0444999999999999,177,72,122.75224
0.0,2831.39,158,5.828,7,2025-03-06 01:00:06,40.39999999999998,39.85596642829478,116.4326511695981,-0.408747189863164,8.0,-0.0999999999999999,177,72,-3.4591827
75.0,2879.18,158,5.806,7,2025-03-06 01:00:14,39.79999999999996,39.856396755203605,116.43263490870596,-1.255492780916558,8.0,-0.00275,177,72,122.902145
78.0,2929.05,156,6.569,7,2025-03-06 01:00:22,39.39999999999998,39.856845857575536,116.43264806829391,-0.8020854220974023,8.0,0.0953749999999999,177,72,134.41931
76.0,2974.51,157,2.671,7,2025-03-06 01:00:30,39.39999999999998,39.857255313545465,116.4326406084001,0.0,8.0,-0.48725,177,72,43.553192
,3009.82,157,7.318,7,2025-03-06 01:00:38,39.200000000000045,39.85757298767567,116.43264077603816,-0.56641178136486,8.0,0.580875,177,72,199.04077
,3029.75,157,5.366,7,2025-03-06 01:00:41,39.200000000000045,39.85775168985128,116.43263365142047,0.0,3.0,-0.6506666666666666,177,72,122.69142
0.0,3059.1,158,6.831,7,2025-03-06 01:00:46,39.39999999999998,39.85801052302122,116.43256651237608,0.6814310051105023,5.0,0.2930000000000001,177,72,27.645945
80.0,3113.78,157,6.639,7,2025-03-06 01:00:54,39.60000000000002,39.858502792194486,116.4325491618365,0.3657644476957652,8.0,-0.024,177,72,121.88799
78.0,3166.55,159,6.724,7,2025-03-06 01:01:02,40.0,39.85897787846625,116.43252837471664,0.7580064430547232,8.0,0.0106249999999999,177,72,143.10579
76.0,3219.74,160,6.599,7,2025-03-06 01:01:10,40.200000000000045,39.85945682041347,116.43250901252031,0.3760105282948806,8.0,-0.015625,177,72,132.41698
78.0,3271.93,163,6.614,7,2025-03-06 01:01:18,40.39999999999998,39.859925704076886,116.43246500752866,0.3832151753208115,8.0,0.0018749999999999,177,72,134.10573
78.0,3284.99,165,6.391,7,2025-03-06 01:01:20,40.39999999999998,39.86004321835935,116.4324577152729,0.0,2.0,-0.1114999999999999,177,72,117.47144
0.0,3323.68,164,4.85,7,2025-03-06 01:01:27,40.60000000000002,39.860390312969685,116.43242737278342,0.5169294391316753,7.0,-0.2201428571428572,177,72,-8.975429
65.0,3367.6,160,5.413,7,2025-03-06 01:01:35,40.39999999999998,39.86078417859972,116.43244572915135,-0.4553734061931812,8.0,0.070375,177,72,140.8903
61.0,3401.72,158,5.565,7,2025-03-06 01:01:42,40.200000000000045,39.861089112237096,116.43240365199745,-0.5861664712776449,7.0,0.0217142857142857,177,72,124.5941
76.0,3451.79,157,6.329,6,2025-03-06 01:01:50,40.0,39.861540058627725,116.43239811994135,-0.399440782904024,8.0,0.0954999999999999,177,72,149.13779
78.0,3503.06,158,6.452,6,2025-03-06 01:01:58,39.79999999999996,39.86200148239732,116.43241689540446,-0.3900916715429014,8.0,0.015375,177,72,136.10115
76.0,3554.16,158,6.051,6,2025-03-06 01:02:06,39.79999999999996,39.86246030777693,116.43246467225254,0.0,8.0,-0.0501249999999999,177,72,120.279106
77.0,3606.32,159,6.699,6,2025-03-06 01:02:14,39.60000000000002,39.8629280179739,116.43252250738442,-0.3834355828219528,8.0,0.0809999999999999,177,72,142.19089
82.0,3660.68,162,6.922,6,2025-03-06 01:02:22,39.60000000000002,39.863415006548166,116.43258545547724,0.0,8.0,0.0278749999999999,177,72,161.01724
81.0,3702.21,166,6.756,6,2025-03-06 01:02:28,39.39999999999998,39.86378573812544,116.43265066668393,-0.4815795810258717,6.0,-0.0276666666666665,177,72,137.73085
0.0,3721.62,167,5.803,6,2025-03-06 01:02:31,39.39999999999998,39.863959327340126,116.43267799168824,0.0,3.0,-0.3176666666666667,177,72,9.441814
0.0,3754.13,160,3.096,6,2025-03-06 01:02:39,39.0,39.86424959264696,116.43272836692633,-1.230390649030989,8.0,-0.338375,177,72,-12.167663
0.0,3759.1,159,0.0,6,2025-03-06 01:02:45,39.0,39.86430407501757,116.43273565918209,0.0,6.0,-0.516,177,72,-25.113485
0.0,3770.18,135,4.045,6,2025-03-06 01:04:12,39.39999999999998,39.86440189182758,116.4327135309577,3.610108303248916,87.0,0.0464942528735632,177,72,1.9190135
76.0,3817.72,131,6.471,6,2025-03-06 01:04:20,38.79999999999996,39.86482978798449,116.43273331224918,-1.2620950778292452,8.0,0.30325,177,72,132.50386
0.0,3869.21,143,6.306,6,2025-03-06 01:04:28,39.200000000000045,39.86529129557312,116.4327941648662,0.7768498737620686,8.0,-0.020625,177,72,0.4901879
0.0,3917.76,149,5.356,6,2025-03-06 01:04:36,39.60000000000002,39.86572748981416,116.43283649347724,0.8238928939237399,8.0,-0.11875,177,72,-7.8015847
0.0,3948.3,147,4.43,6,2025-03-06 01:04:44,39.60000000000002,39.86600149422884,116.432867590338,0.0,8.0,-0.11575,177,72,-7.907838
76.0,3994.36,144,5.88,6,2025-03-06 01:04:52,39.60000000000002,39.86641187220812,116.43294336274266,0.0,8.0,0.18125,177,72,129.39282
0.0,4036.67,148,3.576,6,2025-03-06 01:05:00,40.0,39.86678930930793,116.43300882540645,0.9454029780193284,8.0,-0.288,177,72,10.172814
0.0,4048.84,147,1.418,6,2025-03-06 01:05:05,40.200000000000045,39.86689877696335,116.4330174587667,1.6433853738705362,5.0,-0.4316000000000001,177,72,15.423033
0.0,4052.38,146,1.417,6,2025-03-06 01:05:08,40.39999999999998,39.86693029291928,116.43302265554668,5.649717514122425,3.0,-0.0003333333333332,177,72,-1.4744747
0.0,4056.97,143,1.36,6,2025-03-06 01:05:11,40.60000000000002,39.86697119660676,116.43303061835468,4.357298474946818,3.0,-0.0189999999999999,177,72,0.343947
0.0,4058.67,144,1.767,6,2025-03-06 01:05:12,40.60000000000002,39.86698653548956,116.43303263001144,0.0,1.0,0.4069999999999998,177,72,-7.243003
0.0,4060.72,144,2.401,6,2025-03-06 01:05:13,40.60000000000002,39.86700489185751,116.43303137272596,0.0,1.0,0.6339999999999999,177,72,-9.725145
55.0,4082.24,136,5.14,6,2025-03-06 01:05:19,40.60000000000002,39.86719708889723,116.43305056728424,0.0,6.0,0.4564999999999999,177,72,130.3216
65.0,4129.29,143,5.541,6,2025-03-06 01:05:27,40.200000000000045,39.86761576496065,116.43313631415369,-0.8501594048883651,8.0,0.050125,177,72,97.39281
67.0,4174.52,146,5.748,6,2025-03-06 01:05:35,38.79999999999996,39.86802178435028,116.43318149261177,-3.0952907362371795,8.0,0.0258749999999999,177,72,77.27146
0.0,4215.34,142,2.908,6,2025-03-06 01:05:43,38.39999999999998,39.868386313319206,116.43324460834263,-0.9799118079372368,8.0,-0.355,177,72,17.187733
0.0,4227.84,136,2.872,6,2025-03-06 01:05:48,38.200000000000045,39.86849536187947,116.43327821977437,-1.5999999999994543,5.0,-0.0072,177,72,-3.200239
67.0,4249.53,134,3.371,6,2025-03-06 01:05:55,38.0,39.86862201243639,116.43347008153796,-0.9220839096360036,7.0,0.0712857142857143,177,72,91.151375
0.0,4285.05,136,5.917,6,2025-03-06 01:06:03,37.60000000000002,39.86882762052119,116.43378817476332,-1.1261261261260485,8.0,0.31825,177,72,10.033779
83.0,4297.45,138,6.017,6,2025-03-06 01:06:05,37.60000000000002,39.868868524208665,116.43392312340438,0.0,2.0,0.0500000000000002,177,72,109.555466
85.0,4330.27,133,6.246,6,2025-03-06 01:06:10,38.39999999999998,39.868866093456745,116.43430726602674,2.4375380865324177,5.0,0.0458,177,72,126.98995
78.0,4375.07,150,6.726,6,2025-03-06 01:06:17,39.39999999999998,39.86886299215257,116.4348325598985,2.232142857142893,7.0,0.0685714285714285,177,72,135.91162
0.0,4431.87,153,6.728,6,2025-03-06 01:06:25,39.79999999999996,39.86894706264138,116.4354898687452,0.7042253521126337,8.0,0.0002499999999999,177,72,-0.67210436
0.0,4476.28,151,5.958,6,2025-03-06 01:06:32,39.79999999999996,39.86904026940465,116.43599630333485,0.0,7.0,-0.1099999999999999,177,72,11.910144
0.0,4505.9,152,4.185,6,2025-03-06 01:06:39,40.0,39.86915040761232,116.43631196580829,0.67521944632021,7.0,-0.2532857142857144,177,72,9.06903
0.0,4534.12,150,3.9,6,2025-03-06 01:06:47,40.0,39.86926666460931,116.43660449422896,0.0,8.0,-0.0356249999999999,177,72,4.9152675
70.0,4559.27,148,6.323,6,2025-03-06 01:06:52,40.0,39.86939339898527,116.43684790469706,0.0,5.0,0.4846000000000001,177,72,141.64491
81.0,4593.22,148,6.583,6,2025-03-06 01:06:57,39.79999999999996,39.86956732347608,116.43717471510172,-0.5891016200295922,5.0,0.0519999999999999,177,72,104.500626
80.0,4639.37,153,6.103,6,2025-03-06 01:07:04,40.0,39.86987058073282,116.43754452466963,0.4333694474540565,7.0,-0.0685714285714286,177,72,116.576035
72.0,4683.24,154,6.118,6,2025-03-06 01:07:11,40.200000000000045,39.87019621767104,116.4378353767097,0.4558924093914884,7.0,0.0021428571428572,177,72,120.9389
0.0,4724.19,155,2.332,6,2025-03-06 01:07:19,40.60000000000002,39.87052998505533,116.4380388893187,0.9768009768009256,8.0,-0.47325,177,72,-15.993035
0.0,4742.1,154,2.062,6,2025-03-06 01:07:27,40.60000000000002,39.8706834577024,116.4380996581167,0.0,8.0,-0.03375,177,72,-13.031225
72.0,4776.6,151,6.191,6,2025-03-06 01:07:35,40.39999999999998,39.87098822370172,116.4381752628833,-0.579710144927668,8.0,0.516125,177,72,149.6
77.0,4830.46,154,6.321,6,2025-03-06 01:07:43,40.0,39.87146783620119,116.43827056512237,-0.7426661715558479,8.0,0.0162499999999999,177,72,132.21191
76.0,4873.07,159,2.331,6,2025-03-06 01:07:51,40.200000000000045,39.87184636294842,116.4383531268686,0.4693733865290941,8.0,-0.4987499999999999,177,72,48.737324
0.0,4885.78,158,1.436,6,2025-03-06 01:07:59,40.60000000000002,39.87195918336511,116.43837810494006,3.147128245475815,8.0,-0.111875,177,72,-9.790926
57.0,4906.16,156,4.945,6,2025-03-06 01:08:07,40.60000000000002,39.87214056774974,116.43840576522052,0.0,8.0,0.438625,177,72,143.7762
59.0,4947.25,155,5.126,7,2025-03-06 01:08:15,40.60000000000002,39.87250459380448,116.43849042244256,0.0,8.0,0.022625,177,72,105.72179
0.0,4974.1,157,5.23,7,2025-03-06 01:08:20,40.60000000000002,39.87274322658777,116.43853778019547,0.0,5.0,0.0208,177,72,4.142771
69.0,5016.66,156,5.713,7,2025-03-06 01:08:28,40.39999999999998,39.87311773002148,116.43864305689932,-0.4699248120301876,8.0,0.0603749999999999,177,72,121.48854
77.0,5063.01,155,5.643,7,2025-03-06 01:08:36,40.39999999999998,39.8735221568495,116.4387780893594,0.0,8.0,-0.00875,177,72,122.759346
76.0,5108.38,162,5.645,7,2025-03-06 01:08:44,40.60000000000002,39.87391979433596,116.43889971077442,0.4408199250607141,8.0,0.0002499999999999,177,72,126.41763
78.0,5152.94,160,5.476,7,2025-03-06 01:08:52,40.39999999999998,39.87430552951992,116.4390442147851,-0.4488330341114178,8.0,-0.0211249999999999,177,72,119.66634
0.0,5194.04,158,4.34,7,2025-03-06 01:09:00,40.60000000000002,39.87465723417699,116.4391924906522,0.4866180048662864,8.0,-0.142,177,72,-6.305994
0.0,5212.5,158,2.964,7,2025-03-06 01:09:05,40.60000000000002,39.874811209738255,116.43927128054202,0.0,5.0,-0.2752,177,72,-9.448386
81.0,5245.6,153,5.884,7,2025-03-06 01:09:12,40.60000000000002,39.875093679875135,116.43939206376672,0.0,7.0,0.4171428571428572,177,72,188.86574
87.0,5294.02,156,5.811,7,2025-03-06 01:09:20,40.39999999999998,39.87550145946443,116.43959356471896,-0.4130524576622164,8.0,-0.009125,177,72,133.99295
87.0,5341.9,157,5.903,7,2025-03-06 01:09:28,40.0,39.87589842639864,116.43981350585818,-0.8354218880534334,8.0,0.0114999999999999,177,72,136.2627
89.0,5391.41,156,6.425,7,2025-03-06 01:09:36,40.0,39.87631031312048,116.44003629684448,0.0,8.0,0.06525,177,72,147.33069
80.0,5444.14,158,6.302,6,2025-03-06 01:09:44,39.79999999999996,39.87676243297756,116.44022539258005,-0.3792907263418237,8.0,-0.015375,177,72,121.25313
80.0,5477.02,156,6.47,6,2025-03-06 01:09:49,39.79999999999996,39.87705362029374,116.44029328599572,0.0,5.0,0.0336,177,72,133.57568
82.0,5529.46,154,6.729,6,2025-03-06 01:09:57,40.0,39.87752451561391,116.44033301621675,0.3813882532418898,8.0,0.032375,177,72,139.52837
81.0,5570.49,156,6.605,6,2025-03-06 01:10:03,40.200000000000045,39.87789357081056,116.44033846445382,0.4874482086279472,6.0,-0.0206666666666666,177,72,125.11067
78.0,5623.64,156,6.513,6,2025-03-06 01:10:11,40.39999999999998,39.8783662263304,116.44024081528188,0.3762935089368386,8.0,-0.0115,177,72,122.174774
76.0,5654.28,157,6.877,6,2025-03-06 01:10:16,40.60000000000002,39.87863821908832,116.44018398597836,0.6527415143604741,5.0,0.0727999999999999,177,72,145.73933
91.0,5683.06,156,7.543,6,2025-03-06 01:10:20,40.60000000000002,39.87889386713505,116.44013352692129,0.0,4.0,0.1665000000000001,177,72,180.17891
91.0,5729.9,156,7.839,6,2025-03-06 01:10:26,40.60000000000002,39.87931245937944,116.44006789661944,0.0,6.0,0.0493333333333333,177,72,164.98567
0.0,5791.71,159,7.308,6,2025-03-06 01:10:34,40.39999999999998,39.87986206077039,116.43995155580342,-0.3235722375020938,8.0,-0.066375,177,72,8.992234
0.0,5847.41,158,6.296,6,2025-03-06 01:10:42,40.0,39.88035902380943,116.43986136652528,-0.7181328545780584,8.0,-0.1264999999999999,177,72,-3.2713351
80.0,5898.06,155,6.756,6,2025-03-06 01:10:50,40.39999999999998,39.880810137838125,116.43977385945618,0.789733464955524,8.0,0.0574999999999999,177,72,137.77515
82.0,5931.8,157,6.754,6,2025-03-06 01:10:55,40.39999999999998,39.881111634895205,116.43972692079842,0.0,5.0,-0.0004000000000001,177,72,140.64093
82.0,5952.36,157,6.794,6,2025-03-06 01:10:58,40.39999999999998,39.88129511475563,116.4397556707263,0.0,3.0,0.0133333333333333,177,72,149.97227
78.0,5979.65,158,6.678,6,2025-03-06 01:11:02,40.200000000000045,39.88152293488383,116.43987427465618,-0.7328691828506121,4.0,-0.0289999999999999,177,72,120.96024
83.0,6013.92,160,7.044,6,2025-03-06 01:11:07,40.200000000000045,39.88180163316429,116.44004669040442,0.0,5.0,0.0731999999999999,177,72,168.46147
83.0,6034.58,160,6.498,6,2025-03-06 01:11:10,40.200000000000045,39.88198301754892,116.4400968980044,0.0,3.0,-0.1819999999999998,177,72,110.952065
50.0,6080.55,159,4.87,6,2025-03-06 01:11:18,40.60000000000002,39.882394317537546,116.44003830850124,0.8701326952359691,8.0,-0.2035,177,72,53.680065
58.0,6120.74,155,4.817,6,2025-03-06 01:11:26,41.200000000000045,39.882755409926176,116.44000536762178,1.4929086837522487,8.0,-0.0066249999999999,177,72,102.06124
58.0,6138.64,153,3.981,6,2025-03-06 01:11:30,41.60000000000002,39.88291592337191,116.43999028019608,2.234636871508185,4.0,-0.209,177,72,72.91654
0.0,6150.31,153,4.22,6,2025-03-06 01:11:33,41.79999999999996,39.88300686702132,116.44005465321244,1.7137960582684706,3.0,0.0796666666666666,177,72,10.032813
0.0,6163.07,152,3.079,6,2025-03-06 01:11:36,41.79999999999996,39.88309261389077,116.4401533920318,0.0,3.0,-0.3803333333333332,177,72,1.6771777
0.0,6170.14,152,4.348,6,2025-03-06 01:11:38,41.79999999999996,39.88315338268876,116.44017568789424,0.0,2.0,0.6344999999999998,177,72,29.433323
0.0,6185.62,150,3.475,6,2025-03-06 01:11:42,41.79999999999996,39.88328707404435,116.44012866541745,0.0,4.0,-0.2182499999999999,177,72,-0.681468
55.0,6207.03,149,4.787,6,2025-03-06 01:11:47,42.0,39.88343250006437,116.43996538594364,0.9341429238675704,5.0,0.2623999999999999,177,72,119.06978
59.0,6217.28,147,5.162,6,2025-03-06 01:11:49,42.0,39.88350726664066,116.43989581614731,0.0,2.0,0.1875,177,72,108.88536
68.0,6241.49,147,6.565,6,2025-03-06 01:11:53,41.79999999999996,39.88372209481895,116.43985306844117,-0.8261049153244329,4.0,0.3507500000000001,177,72,132.60672
89.0,6301.98,149,7.739,6,2025-03-06 01:12:01,40.79999999999996,39.88426540978253,116.43979866988956,-1.6531658125310027,8.0,0.1467499999999999,177,72,140.27498
91.0,6333.62,156,7.674,6,2025-03-06 01:12:05,40.39999999999998,39.88454930484295,116.43976715393364,-1.2642225031604717,4.0,-0.0162499999999998,177,72,148.50359
0.0,6348.72,158,7.503,6,2025-03-06 01:12:07,40.39999999999998,39.88467536866665,116.4397031161934,0.0,2.0,-0.0855000000000001,177,72,14.404872
81.0,6400.31,161,7.231,6,2025-03-06 01:12:14,40.200000000000045,39.88504861481488,116.4393431134522,-0.3876720294629409,7.0,-0.0388571428571428,177,72,141.76657
81.0,6422.51,161,7.68,6,2025-03-06 01:12:17,40.39999999999998,39.88521776162088,116.43920456059276,0.9009009009006008,3.0,0.1496666666666666,177,72,178.55664
82.0,6445.6,161,7.829,6,2025-03-06 01:12:20,40.39999999999998,39.88541607744992,116.43912660889328,0.0,3.0,0.0496666666666666,177,72,167.39291
84.0,6509.27,162,7.842,6,2025-03-06 01:12:28,40.39999999999998,39.88598881289363,116.43908687867224,0.0,8.0,0.0016249999999999,177,72,153.24066
82.0,6570.57,165,7.539,6,2025-03-06 01:12:36,40.200000000000045,39.88653749227524,116.4390059094876,-0.3262642740618828,8.0,-0.0378749999999999,177,72,139.04248
83.0,6631.85,165,7.618,6,2025-03-06 01:12:44,40.39999999999998,39.88708667457104,116.43893265165389,0.3263707571800418,8.0,0.009875,177,72,158.7062
81.0,6692.42,165,7.58,6,2025-03-06 01:12:52,40.60000000000002,39.88762831315398,116.43884925171731,0.3301964668978808,8.0,-0.00475,177,72,144.91037
84.0,6752.09,167,7.582,6,2025-03-06 01:13:00,40.60000000000002,39.888164503499866,116.43880574963988,0.0,8.0,0.0002499999999999,177,72,168.92172
82.0,6767.62,168,7.578,6,2025-03-06 01:13:02,40.60000000000002,39.88830330781639,116.4387831185013,0.0,2.0,-0.0019999999999997,177,72,168.87744
85.0,6838.1,169,7.95,6,2025-03-06 01:13:11,40.60000000000002,39.88893278874457,116.43867775797844,0.0,9.0,0.0413333333333333,177,72,173.74323
89.0,6892.87,170,7.469,6,2025-03-06 01:13:18,40.39999999999998,39.88942455500364,116.4386300649494,-0.3651634106263414,7.0,-0.0687142857142857,177,72,164.37506
82.0,6953.71,170,7.424,6,2025-03-06 01:13:26,40.39999999999998,39.8899691272527,116.43854951485991,0.0,8.0,-0.0056249999999999,177,72,165.16452
81.0,6976.54,171,7.538,6,2025-03-06 01:13:29,40.39999999999998,39.89017389714718,116.43852529115976,0.0,3.0,0.0379999999999999,177,72,162.72197
82.0,6999.07,171,7.281,6,2025-03-06 01:13:32,40.200000000000045,39.89037548191845,116.43854943104088,-0.8877052818461342,3.0,-0.0856666666666668,177,72,151.32384
0.0,7018.67,171,5.877,6,2025-03-06 01:13:35,40.39999999999998,39.89053557626903,116.43864406272768,1.020408163264939,3.0,-0.4679999999999999,177,72,5.4503026
0.0,7042.17,172,6.442,6,2025-03-06 01:13:39,40.39999999999998,39.89071008749306,116.43880038522184,0.0,4.0,0.1412500000000001,177,72,17.5079
0.0,7061.39,170,6.339,6,2025-03-06 01:13:42,40.39999999999998,39.89086699672043,116.43889451399446,0.0,3.0,-0.0343333333333332,177,72,19.187922
0.0,7080.84,167,6.358,6,2025-03-06 01:13:45,40.200000000000045,39.891040083020926,116.43892485648394,-1.0282776349610985,3.0,0.006333333333333,177,72,11.283755
74.0,7133.83,163,6.939,6,2025-03-06 01:13:53,40.60000000000002,39.89151257090271,116.43883776850998,0.7548594074353253,8.0,0.072625,177,72,151.50333
0.0,7185.06,163,4.027,6,2025-03-06 01:14:01,41.60000000000002,39.89197148010135,116.43877532333136,1.9519812609798763,8.0,-0.364,177,72,1.8404676
0.0,7197.12,165,2.321,6,2025-03-06 01:14:05,42.0,39.89207809790969,116.43878554925324,3.3167495854062534,4.0,-0.4265,177,72,2.971684
45.0,7218.62,162,4.969,6,2025-03-06 01:14:12,42.0,39.89223266020417,116.43893525004388,0.0,7.0,0.3782857142857143,177,72,138.3664
0.0,7233.55,160,4.601,6,2025-03-06 01:14:15,41.79999999999996,39.8923659324646,116.43893759697676,-1.339584728734371,3.0,-0.1226666666666667,177,72,-3.480931
0.0,7249.84,157,5.184,6,2025-03-06 01:14:18,41.79999999999996,39.89248453639448,116.43882771022618,0.0,3.0,0.1943333333333333,177,72,9.22745
60.0,7267.43,159,5.243,6,2025-03-06 01:14:21,41.60000000000002,39.892605571076274,116.4386956114322,-1.1370096645817518,3.0,0.0196666666666667,177,72,115.285576
60.0,7278.26,161,5.654,6,2025-03-06 01:14:23,41.60000000000002,39.89269961602986,116.43866526894271,0.0,2.0,0.2054999999999998,177,72,138.59525
77.0,7334.17,160,7.212,5,2025-03-06 01:14:31,41.60000000000002,39.89320261403918,116.43869200721385,0.0,8.0,0.1947499999999999,177,72,185.18526
80.0,7393.58,162,7.284,5,2025-03-06 01:14:39,41.200000000000045,39.89373763091862,116.43867482431232,-0.6732873253660634,8.0,0.009,177,72,143.94415
81.0,7415.95,163,7.346,5,2025-03-06 01:14:42,41.200000000000045,39.893934186548,116.43862050957978,0.0,3.0,0.0206666666666667,177,72,151.594
80.0,7460.67,164,7.403,5,2025-03-06 01:14:48,40.79999999999996,39.8942915070802,116.4383792784065,-0.8944543828266741,6.0,0.0094999999999999,177,72,141.54613
80.0,7490.64,164,7.458,5,2025-03-06 01:14:52,40.39999999999998,39.89455260336399,116.43829361535607,-1.3346680013345809,4.0,0.0137500000000001,177,72,142.32959
0.0,7548.47,166,6.78,5,2025-03-06 01:15:00,40.0,39.89507110789418,116.4382291585207,-0.6916825177243261,8.0,-0.0847499999999999,177,72,7.00098
69.0,7600.37,164,6.639,5,2025-03-06 01:15:08,39.60000000000002,39.89553856663406,116.43822010606527,-0.7707129094411947,8.0,-0.017625,177,72,116.73799
0.0,7648.29,161,5.285,5,2025-03-06 01:15:16,40.0,39.89596989937127,116.43819730728865,0.8347245409014538,8.0,-0.16925,177,72,-2.5058172
59.0,7674.07,158,5.433,5,2025-03-06 01:15:21,40.200000000000045,39.89619830623269,116.43814818933606,0.7757951900700056,5.0,0.0295999999999999,177,72,107.25615
73.0,7705.24,157,6.664,5,2025-03-06 01:15:26,40.0,39.89645646885037,116.43800578080118,-0.641642605069121,5.0,0.2461999999999999,177,72,168.57617
76.0,7761.58,159,6.868,5,2025-03-06 01:15:34,40.200000000000045,39.89687941968441,116.43764100037517,0.3549875754349396,8.0,0.0255,177,72,140.49617
76.0,7802.52,161,7.085,5,2025-03-06 01:15:40,40.200000000000045,39.89716641604901,116.43733992241324,0.0,6.0,0.0361666666666666,177,72,152.87482
75.0,7837.61,162,6.991,5,2025-03-06 01:15:45,39.79999999999996,39.89737152121961,116.43702702596784,-1.139925904816471,5.0,-0.0188,177,72,136.23541
78.0,7880.46,164,7.348,5,2025-03-06 01:15:51,39.60000000000002,39.89756807684898,116.43659460358322,-0.466744457409405,6.0,0.0595,177,72,143.58763
88.0,7927.24,165,8.27,5,2025-03-06 01:15:57,39.0,39.89771727472544,116.43608154729009,-1.2825994014536684,6.0,0.1536666666666666,177,72,167.5335
93.0,7952.41,166,8.412,5,2025-03-06 01:16:00,38.79999999999996,39.89777653478086,116.43579631112516,-0.7945967421535355,3.0,0.0473333333333337,177,72,170.36223
92.0,7969.38,167,8.479,5,2025-03-06 01:16:02,38.60000000000002,39.8978141695261,116.43560310825706,-1.178550383028455,2.0,0.0334999999999992,177,72,180.94008
91.0,7977.93,167,8.63,5,2025-03-06 01:16:03,38.39999999999998,39.897833531722426,116.43550587818028,-2.3391812865501898,1.0,0.1510000000000015,177,72,189.42445
92.0,8012.46,169,8.834,5,2025-03-06 01:16:07,37.79999999999996,39.89790955558419,116.43511276692152,-1.7376194613380456,4.0,0.0509999999999997,177,72,183.21602
89.0,8021.28,169,8.913,5,2025-03-06 01:16:08,37.60000000000002,39.89792900159955,116.4350122679025,-2.267573696144426,1.0,0.0790000000000006,177,72,164.1992
91.0,8072.03,171,8.972,5,2025-03-06 01:16:14,36.200000000000045,39.89806721918285,116.43444447778164,-2.758620689655128,6.0,0.0098333333333332,177,72,148.45784
100.0,8081.01,170,9.013,5,2025-03-06 01:16:15,36.0,39.89809420891106,116.434344984591,-2.227171492205289,1.0,0.0410000000000003,177,72,160.34633
98.0,8099.33,171,9.124,5,2025-03-06 01:16:17,35.60000000000002,39.89814793691039,116.4341417234391,-2.1834061135370284,2.0,0.0555000000000003,177,72,161.38551
98.0,8108.62,171,9.178,5,2025-03-06 01:16:18,35.60000000000002,39.89817190915346,116.43403711728752,0.0,1.0,0.0540000000000002,177,72,169.81204
80.0,8170.92,169,6.509,5,2025-03-06 01:16:26,35.200000000000045,39.89831389859319,116.43332934938373,-0.642054574638806,8.0,-0.333625,177,72,91.88206
82.0,8183.99,169,6.671,5,2025-03-06 01:16:28,35.60000000000002,39.89834206178784,116.43318040296435,3.0604437643457243,2.0,0.0809999999999999,177,72,145.53381
80.0,8243.08,172,6.558,5,2025-03-06 01:16:37,37.39999999999998,39.89845907315612,116.43250348046422,3.0462007107800813,9.0,-0.0125555555555556,177,72,141.66444
77.0,8269.63,173,6.464,5,2025-03-06 01:16:41,38.0,39.89853677339852,116.43220885656774,2.259887005649865,4.0,-0.0234999999999998,177,72,145.92737
77.0,8292.21,174,4.525,5,2025-03-06 01:16:45,38.79999999999996,39.89859662018716,116.43195538781583,3.54295837023896,4.0,-0.48475,177,72,91.17681
0.0,8296.7,174,4.054,5,2025-03-06 01:16:46,39.0,39.898607935756445,116.43190476112068,4.454342984409224,1.0,-0.4710000000000001,177,72,10.697034
71.0,8325.88,173,6.391,5,2025-03-06 01:16:52,39.0,39.8987069260329,116.43158809281886,0.0,6.0,0.3894999999999999,177,72,205.96909
84.0,8361.76,174,7.318,5,2025-03-06 01:16:57,38.39999999999998,39.89888152107597,116.43123420886695,-1.6722408026756013,5.0,0.1853999999999999,177,72,180.38356
0.0,8399.78,173,7.288,6,2025-03-06 01:17:02,38.0,39.89911638200283,116.43091008067132,-1.0520778537611064,5.0,-0.0059999999999998,177,72,16.556347
83.0,8435.77,173,7.114,6,2025-03-06 01:17:07,38.200000000000045,39.89937881939113,116.43066306598485,0.5557099194221914,5.0,-0.0348,177,72,163.28542
84.0,8470.94,173,6.986,6,2025-03-06 01:17:12,38.39999999999998,39.89967067725957,116.4305043965578,0.5686664771109792,5.0,-0.0256,177,72,156.55904
0.0,8511.26,172,6.508,6,2025-03-06 01:17:18,38.60000000000002,39.9000243935734,116.4303994551301,0.4960317460318624,6.0,-0.0796666666666666,177,72,18.559345
83.0,8545.53,172,6.979,6,2025-03-06 01:17:23,38.79999999999996,39.90033251233399,116.430399203673,0.5836008170409374,5.0,0.0942,177,72,179.9607
82.0,8592.28,173,6.896,6,2025-03-06 01:17:30,39.0,39.90074875764549,116.43047757446766,0.4278074866311133,7.0,-0.0118571428571428,177,72,153.29976
87.0,8649.24,170,7.37,6,2025-03-06 01:17:38,39.0,39.90126038901508,116.43052794970572,0.0,8.0,0.05925,177,72,177.82039
87.0,8693.49,170,5.586,6,2025-03-06 01:17:45,39.39999999999998,39.90165811032057,116.43054697662592,0.9039548022598356,7.0,-0.2548571428571428,177,72,121.03765
87.0,8704.07,169,5.291,6,2025-03-06 01:17:47,39.60000000000002,39.90174419246614,116.43059877678752,1.8903591682424088,2.0,-0.1474999999999999,177,72,121.23452
0.0,8714.74,169,5.645,6,2025-03-06 01:17:49,39.60000000000002,39.901798171922565,116.43070070073009,0.0,2.0,0.1769999999999996,177,72,28.482803
77.0,8734.29,167,6.868,6,2025-03-06 01:17:52,39.60000000000002,39.90181166678667,116.43092868849637,0.0,3.0,0.4076666666666669,177,72,206.79298
0.0,8792.09,166,6.737,6,2025-03-06 01:18:00,39.60000000000002,39.90179766900837,116.431606952101,0.0,8.0,-0.016375,177,72,4.5960493
82.0,8846.22,168,6.871,6,2025-03-06 01:18:08,40.0,39.90179683081806,116.43224255181848,0.7389617587289548,8.0,0.01675,177,72,156.35522
0.0,8871.37,167,5.189,6,2025-03-06 01:18:12,40.0,39.90181258879602,116.43253575079144,0.0,4.0,-0.4205000000000001,177,72,2.9038074
0.0,8880.26,168,3.609,6,2025-03-06 01:18:14,40.200000000000045,39.90185977891088,116.43261806108056,2.2497187851525147,2.0,-0.79,177,72,12.677912
0.0,8885.58,168,0.861,6,2025-03-06 01:18:16,40.39999999999998,39.90190562792122,116.43262845464052,3.759398496239525,2.0,-1.374,177,72,-8.425489
69.0,8899.59,167,5.591,6,2025-03-06 01:18:19,40.60000000000002,39.90199036896229,116.43250817433,1.4275517487511946,3.0,1.5766666666666669,177,72,217.8436
0.0,8912.89,167,6.38,6,2025-03-06 01:18:21,40.79999999999996,39.902019118890166,116.43235730007292,1.50375939849581,2.0,0.3944999999999998,177,72,35.764942
83.0,8970.78,169,6.998,6,2025-03-06 01:18:29,41.200000000000045,39.90205205976963,116.43167928792536,0.6909656244603255,8.0,0.07725,177,72,174.70209
83.0,9026.78,170,7.084,6,2025-03-06 01:18:37,41.0,39.902065973728895,116.43102206289768,-0.3571428571429383,8.0,0.0107499999999999,177,72,174.37854
83.0,9048.24,169,7.145,6,2025-03-06 01:18:40,41.0,39.90208961069584,116.4307723660022,0.0,3.0,0.0203333333333333,177,72,178.97289
84.0,9062.78,169,7.194,6,2025-03-06 01:18:42,41.0,39.90214325487614,116.43061730079351,0.0,2.0,0.0245000000000001,177,72,178.46841
84.0,9077.65,169,7.147,6,2025-03-06 01:18:44,40.79999999999996,39.90222849883139,116.43048302270472,-1.3449899125760536,2.0,-0.0234999999999998,177,72,163.98248
84.0,9092.61,168,6.995,6,2025-03-06 01:18:46,41.0,39.90234165452421,116.43038872629404,1.3368983957221443,2.0,-0.076,177,72,161.75064
82.0,9114.87,169,6.899,6,2025-03-06 01:18:49,41.200000000000045,39.9025372043252,116.43033541738988,0.8984725965859996,3.0,-0.032,177,72,151.13133
81.0,9164.45,168,3.913,6,2025-03-06 01:18:57,42.0,39.90298186428845,116.43029308877884,1.613553852359733,8.0,-0.37325,177,72,111.016815
0.0,9178.16,169,3.227,6,2025-03-06 01:19:01,42.200000000000045,39.9031019769609,116.43026257865132,1.458789204960308,4.0,-0.1714999999999999,177,72,9.131468
53.0,9194.65,165,5.062,6,2025-03-06 01:19:05,42.0,39.903241116553545,116.43019770272076,-1.212856276531523,4.0,0.4587500000000001,177,72,153.67575
73.0,9243.2,160,6.126,6,2025-03-06 01:19:13,42.0,39.90367722697556,116.43015830777586,0.0,8.0,0.133,177,72,153.98184
0.0,9279.75,163,6.021,6,2025-03-06 01:19:19,42.200000000000045,39.90400521084666,116.43013978376985,0.5471956224351558,6.0,-0.0175,177,72,7.4251904
75.0,9328.7,163,6.337,6,2025-03-06 01:19:27,42.200000000000045,39.90443721413613,116.43002662807704,0.0,8.0,0.0394999999999999,177,72,137.5485
78.0,9378.75,165,6.355,6,2025-03-06 01:19:35,42.0,39.90488581359386,116.429973654449,-0.3996003996004963,8.0,0.00225,177,72,124.823814
76.0,9397.87,167,6.182,6,2025-03-06 01:19:38,42.0,39.9050547927618,116.43001371994616,0.0,3.0,-0.0576666666666666,177,72,138.88274
71.0,9447.41,169,6.108,6,2025-03-06 01:19:46,42.79999999999996,39.90545519627631,116.43027029000224,1.6148566814694585,8.0,-0.00925,177,72,137.14139
73.0,9478.63,170,6.327,6,2025-03-06 01:19:51,43.0,39.90572148934007,116.43038621172308,0.6406149903909342,5.0,0.0438,177,72,149.78493
0.0,9510.17,165,6.055,6,2025-03-06 01:19:56,43.200000000000045,39.90600345656276,116.43042619340122,0.6341154090045654,5.0,-0.0544,177,72,3.228372
0.0,9562.14,170,6.328,6,2025-03-06 01:20:04,43.39999999999998,39.90647116675973,116.43040247261524,0.3848374061957558,8.0,0.034125,177,72,18.448732
0.0,9596.93,170,5.195,6,2025-03-06 01:20:10,43.39999999999998,39.90678389556706,116.43040322698651,0.0,6.0,-0.1888333333333333,177,72,-1.9773898
73.0,9615.74,169,3.572,6,2025-03-06 01:20:14,43.39999999999998,39.90692948922515,116.43051319755614,0.0,4.0,-0.40575,177,72,103.56402
0.0,9625.86,167,2.94,6,2025-03-06 01:20:17,43.39999999999998,39.90701087750495,116.43056390807033,0.0,3.0,-0.2106666666666667,177,72,4.746749
56.0,9653.79,162,4.724,6,2025-03-06 01:20:25,43.200000000000045,39.907256215810776,116.43049601465464,-0.7160759040455772,8.0,0.223,177,72,134.88449
0.0,9672.84,161,2.804,6,2025-03-06 01:20:29,43.200000000000045,39.90742678754032,116.43047606572507,0.0,4.0,-0.4800000000000001,177,72,1.1429726
0.0,9694.52,161,4.358,6,2025-03-06 01:20:36,43.200000000000045,39.9075987841934,116.43035938963294,0.0,7.0,0.2219999999999999,177,72,21.555302
75.0,9740.63,161,6.637,6,2025-03-06 01:20:44,43.39999999999998,39.90801360458136,116.43035251647234,0.4337453914550795,8.0,0.284875,177,72,180.11362
78.0,9781.21,162,6.674,6,2025-03-06 01:20:50,43.200000000000045,39.90837872028351,116.43034128472208,-0.492853622473958,6.0,0.0061666666666668,177,72,126.98909
77.0,9828.55,165,6.979,6,2025-03-06 01:20:57,43.200000000000045,39.9087936244905,116.43021488562226,0.0,7.0,0.0435714285714285,177,72,148.3926
83.0,9869.44,165,7.369,6,2025-03-06 01:21:03,42.79999999999996,39.90912051871419,116.42999502830207,-0.978234287111956,6.0,0.0649999999999999,177,72,148.80391
87.0,9905.32,165,6.858,6,2025-03-06 01:21:08,42.60000000000002,39.9094101972878,116.42980995588005,-0.5574136008916841,5.0,-0.1022,177,72,126.15434
0.0,9958.02,166,4.971,6,2025-03-06 01:21:16,42.60000000000002,39.90987782366574,116.4297056850046,0.0,8.0,-0.2358749999999999,177,72,-6.4333587
81.0,10004.2,162,6.842,6,2025-03-06 01:21:24,42.39999999999998,39.9102836754173,116.4295875839889,-0.4330879168472157,8.0,0.2338749999999999,177,72,163.14984
0.0,10055.87,162,5.431,6,2025-03-06 01:21:32,42.200000000000045,39.91074375808239,116.42949596978724,-0.3870718018191049,8.0,-0.1763749999999999,177,72,0.31741738
0.0,10094.87,160,4.352,6,2025-03-06 01:21:40,42.200000000000045,39.911089930683374,116.4294181857258,0.0,8.0,-0.1348749999999999,177,72,-1.58621
81.0,10138.01,158,7.161,6,2025-03-06 01:21:48,41.60000000000002,39.91147038526833,116.4293161779642,-1.3908205841447168,8.0,0.3511249999999999,177,72,182.82101
88.0,10197.35,158,7.278,6,2025-03-06 01:21:56,41.79999999999996,39.9119970202446,116.42919765785336,0.3370407819344983,8.0,0.0146249999999999,177,72,153.22662
88.0,10256.03,167,7.48,6,2025-03-06 01:22:04,42.200000000000045,39.91252197884023,116.42911836504936,0.6816632583505265,8.0,0.0252500000000001,177,72,177.54735
88.0,10315.98,172,7.291,6,2025-03-06 01:22:12,42.0,39.91306043229997,116.42906547524036,-0.3336113427857366,8.0,-0.023625,177,72,166.67006
84.0,10373.42,172,7.363,6,2025-03-06 01:22:20,42.0,39.91357667371631,116.4290338754654,0.0,8.0,0.009,177,72,159.21326
92.0,10409.34,172,6.986,6,2025-03-06 01:22:25,42.200000000000045,39.91389946080744,116.42905256710948,0.5567928730513505,5.0,-0.0754000000000001,177,72,161.03613
39.0,10461.94,172,6.404,6,2025-03-06 01:22:33,42.60000000000002,39.91437228396535,116.42901317216456,0.7604562737642101,8.0,-0.0727499999999999,177,72,77.27272
0.0,10509.57,170,5.382,6,2025-03-06 01:22:41,42.60000000000002,39.91480101831257,116.4289937261492,0.0,8.0,-0.12775,177,72,-2.7234006
80.0,10558.98,170,6.555,6,2025-03-06 01:22:49,42.79999999999996,39.91524517536163,116.42896061763167,0.4047763610603772,8.0,0.146625,177,72,165.23033
76.0,10611.5,169,6.357,6,2025-03-06 01:22:57,42.79999999999996,39.91571766324341,116.42893111333252,0.0,8.0,-0.0247499999999999,177,72,136.65053
73.0,10661.49,168,6.415,6,2025-03-06 01:23:05,42.79999999999996,39.91616760380566,116.42890462651847,0.0,8.0,0.0072499999999999,177,72,139.63171
77.0,10711.99,165,6.257,6,2025-03-06 01:23:13,42.79999999999996,39.91662232205272,116.42888752743602,0.0,8.0,-0.01975,177,72,113.40751
0.0,10761.05,162,5.917,6,2025-03-06 01:23:21,42.79999999999996,39.91706421598792,116.4288800675422,0.0,8.0,-0.0424999999999999,177,72,-1.381386
76.0,10809.14,161,6.589,6,2025-03-06 01:23:29,42.60000000000002,39.91749722510576,116.4288621302694,-0.4158868787688318,8.0,0.084,177,72,127.71353
81.0,10861.35,162,6.598,6,2025-03-06 01:23:37,42.39999999999998,39.917967366054654,116.4288483839482,-0.3830683777055006,8.0,0.0011249999999999,177,72,121.28185
0.0,10910.34,159,5.359,6,2025-03-06 01:23:45,42.200000000000045,39.91840808652341,116.42882206477223,-0.4082465809347472,8.0,-0.1548749999999999,177,72,-12.522807
0.0,10954.96,156,6.479,6,2025-03-06 01:23:53,42.0,39.91880957968533,116.4288121741265,-0.4482294935007845,8.0,0.14,177,72,0.14145502
0.0,10998.92,155,1.635,6,2025-03-06 01:24:01,42.0,39.91920528933406,116.42879138700664,0.0,8.0,-0.6055,177,72,-19.908375
50.0,11014.67,152,4.39,6,2025-03-06 01:24:09,42.0,39.91934426128864,116.42876758240163,0.0,8.0,0.344375,177,72,124.94458
76.0,11062.67,151,6.159,6,2025-03-06 01:24:17,41.79999999999996,39.9197762645781,116.42876121215522,-0.4166666666667614,8.0,0.221125,177,72,121.442055
71.0,11111.68,154,6.046,6,2025-03-06 01:24:25,41.39999999999998,39.92021732032299,116.42874335870148,-0.8161599673535512,8.0,-0.0141249999999999,177,72,105.03156
75.0,11158.33,156,5.921,6,2025-03-06 01:24:33,41.39999999999998,39.920634906739,116.42868258990347,0.0,8.0,-0.015625,177,72,114.18431
69.0,11206.08,154,5.822,6,2025-03-06 01:24:41,41.39999999999998,39.92106263525784,116.42862257547677,0.0,8.0,-0.012375,177,72,104.16316
77.0,11254.2,155,6.415,6,2025-03-06 01:24:49,41.79999999999996,39.92149430327117,116.42857639119028,0.8312551953449099,8.0,0.074125,177,72,127.20286
77.0,11306.94,157,6.563,6,2025-03-06 01:24:57,41.200000000000045,39.92196930572391,116.42856658436358,-1.1376564277586492,8.0,0.0184999999999999,177,72,125.14073
81.0,11360.22,158,6.719,6,2025-03-06 01:25:05,40.60000000000002,39.92244900204241,116.4285433664918,-1.1261261261261934,8.0,0.0195,177,72,127.05705
77.0,11412.76,157,6.544,5,2025-03-06 01:25:13,40.200000000000045,39.92292157374322,116.4285142812878,-0.761324704986621,8.0,-0.021875,177,72,113.80533
77.0,11465.52,158,6.9,5,2025-03-06 01:25:21,39.79999999999996,39.92339682765305,116.42849734984338,-0.7581501137226863,8.0,0.0445,177,72,140.37938
82.0,11516.42,158,5.99,5,2025-03-06 01:25:29,40.0,39.92385498248041,116.42848687246442,0.3929273084480293,8.0,-0.11375,177,72,105.52327
82.0,11564.28,156,5.909,5,2025-03-06 01:25:37,41.0,39.92428572848439,116.42846055328846,2.089427496865833,8.0,-0.010125,177,72,118.365486
77.0,11610.83,158,5.607,5,2025-03-06 01:25:45,41.79999999999996,39.92470482364297,116.4284426998347,1.7185821697099184,8.0,-0.0377499999999999,177,72,120.502495
0.0,11653.78,157,4.099,5,2025-03-06 01:25:53,42.0,39.92509122937918,116.42846440896392,0.4656577415600514,8.0,-0.1885,177,72,-12.924618
83.0,11691.44,163,6.106,5,2025-03-06 01:26:01,42.0,39.92542952299118,116.42848536372183,0.0,8.0,0.2508749999999999,177,72,187.25473
91.0,11740.15,161,6.045,5,2025-03-06 01:26:09,42.200000000000045,39.92586823180318,116.42848016694188,0.4105933073291912,8.0,-0.0076249999999999,177,72,149.95499
78.0,11791.14,162,6.375,5,2025-03-06 01:26:17,42.200000000000045,39.92632705718279,116.4284553565085,0.0,8.0,0.04125,177,72,135.86052
74.0,11843.49,161,6.708,5,2025-03-06 01:26:25,42.0,39.92679845541716,116.4284371677786,-0.3820439350526152,8.0,0.041625,177,72,129.81787
76.0,11895.1,161,6.438,5,2025-03-06 01:26:33,41.79999999999996,39.92726306430996,116.42841302789748,-0.3875217981012269,8.0,-0.03375,177,72,120.0185
77.0,11946.5,162,6.449,5,2025-03-06 01:26:41,41.60000000000002,39.92772591300309,116.42839609645308,-0.3891050583656288,8.0,0.001375,177,72,124.44315
73.0,11998.61,162,6.597,5,2025-03-06 01:26:49,42.200000000000045,39.92819471284747,116.42836567014456,1.151410477835379,8.0,0.0185,177,72,132.1923
82.0,12052.28,163,6.666,5,2025-03-06 01:26:57,42.60000000000002,39.92867792956531,116.4283496607095,0.745295323271803,8.0,0.0086249999999999,177,72,130.57047
76.0,12105.33,161,6.65,5,2025-03-06 01:27:05,42.39999999999998,39.92915527895093,116.42833130434155,-0.3770028275212973,8.0,-0.002,177,72,125.55048
77.0,12158.02,161,5.642,5,2025-03-06 01:27:13,42.200000000000045,39.92962969467044,116.42831219360232,-0.3795786676787433,8.0,-0.126,177,72,105.05017
0.0,12207.77,162,6.188,5,2025-03-06 01:27:21,42.39999999999998,39.93007686920464,116.42827841453254,0.4020100502511192,8.0,0.0682499999999999,177,72,7.1923733
81.0,12254.02,163,6.625,5,2025-03-06 01:27:28,42.60000000000002,39.93048682808876,116.428184453398,0.4324324324325308,7.0,0.0624285714285714,177,72,139.23412
77.0,12305.45,160,6.121,5,2025-03-06 01:27:36,43.200000000000045,39.93094992823899,116.4281717967242,1.1666342601594777,8.0,-0.0629999999999999,177,72,121.19476
89.0,12358.38,163,7.287,5,2025-03-06 01:27:44,42.0,39.93142627179623,116.42814790830016,-2.267145286227244,8.0,0.1457499999999999,177,72,164.67099
93.0,12416.29,162,6.842,5,2025-03-06 01:27:52,40.39999999999998,39.93194729089737,116.4281179010868,-2.762907960628521,8.0,-0.055625,177,72,141.41837
82.0,12472.16,161,6.436,5,2025-03-06 01:28:00,40.200000000000045,39.93245045654476,116.42810340039432,-0.3579738679075272,8.0,-0.0507499999999999,177,72,126.31396
76.0,12522.6,160,6.3,5,2025-03-06 01:28:08,40.79999999999996,39.93290467187762,116.42808596603572,1.1895321173669766,8.0,-0.017,177,72,125.41963
76.0,12571.75,159,5.74,5,2025-03-06 01:28:16,41.60000000000002,39.93334732018411,116.42807758413257,1.62767039674481,8.0,-0.0699999999999999,177,72,129.07411
72.0,12617.48,160,5.723,5,2025-03-06 01:28:24,43.200000000000045,39.93375895544887,116.42805805429816,3.4987972884321845,8.0,-0.002125,177,72,148.39844
0.0,12662.65,159,5.762,5,2025-03-06 01:28:32,43.39999999999998,39.93416572920978,116.42804405651988,0.4427717511621241,8.0,0.0048749999999999,177,72,3.4709945
0.0,12705.27,157,5.668,5,2025-03-06 01:28:40,43.39999999999998,39.93454811163247,116.42808286473156,0.0,8.0,-0.0117499999999999,177,72,0.7946143
0.0,12737.8,157,3.321,5,2025-03-06 01:28:46,43.200000000000045,39.93483971804381,116.428113123402,-0.6148170919149676,6.0,-0.3911666666666666,177,72,-5.039692
0.0,12740.91,156,0.0,5,2025-03-06 01:28:51,43.200000000000045,39.934874586761,116.42810708843172,0.0,5.0,-0.6642,177,72,-8.411905
0.0,12749.8,146,3.476,6,2025-03-06 01:29:49,43.39999999999998,39.93495186790824,116.42807993106544,2.249718785151236,58.0,0.0599310344827586,177,72,16.21018
82.0,12796.68,141,6.854,6,2025-03-06 01:29:57,43.200000000000045,39.93537372909486,116.42805327661335,-0.4266211604094015,8.0,0.42225,177,72,146.76772
75.0,12850.72,148,5.804,6,2025-03-06 01:30:05,43.0,39.935860466212034,116.42804699018598,-0.3700962250185954,8.0,-0.1312499999999999,177,72,63.687084
0.0,12870.43,151,1.959,6,2025-03-06 01:30:10,43.200000000000045,39.93603422306478,116.42800860106944,1.0147133434806488,5.0,-0.769,177,72,-1.1873103
64.0,12892.95,150,5.747,6,2025-03-06 01:30:18,43.200000000000045,39.936235221102834,116.42797951586545,0.0,8.0,0.4735,177,72,138.4086
84.0,12947.14,147,6.923,6,2025-03-06 01:30:26,43.200000000000045,39.93672321550548,116.42796082422136,0.0,8.0,0.147,177,72,135.33865
0.0,13001.64,153,6.331,6,2025-03-06 01:30:34,43.200000000000045,39.93721389211714,116.42793970182538,0.0,8.0,-0.0739999999999999,177,72,7.5550833
83.0,13033.96,154,7.018,6,2025-03-06 01:30:39,43.200000000000045,39.93750365450978,116.42790986225008,0.0,5.0,0.1373999999999998,177,72,175.00089
82.0,13069.1,153,7.001,6,2025-03-06 01:30:44,42.79999999999996,39.93781789205968,116.42786585725844,-1.1383039271487674,5.0,-0.0033999999999998,177,72,147.36348
85.0,13120.76,155,6.457,6,2025-03-06 01:30:52,42.60000000000002,39.9382830876857,116.42785051837564,-0.3871467286100123,8.0,-0.068,177,72,122.29001
95.0,13178.77,151,7.736,6,2025-03-06 01:31:00,41.79999999999996,39.93880553171039,116.4278316590935,-1.379072573694303,8.0,0.159875,177,72,147.16673
0.0,13240.4,150,6.892,6,2025-03-06 01:31:08,40.79999999999996,39.939359994605184,116.42779503017664,-1.6225864027259662,8.0,-0.1054999999999999,177,72,7.064973
89.0,13269.25,149,7.526,6,2025-03-06 01:31:12,40.60000000000002,39.93961891159415,116.42777197994292,-0.6932409012129265,4.0,0.1584999999999998,177,72,135.84357
85.0,13319.94,150,6.353,6,2025-03-06 01:31:19,40.39999999999998,39.94007463566959,116.4277764223516,-0.3945551390807722,7.0,-0.1675714285714285,177,72,78.35474
78.0,13376.7,148,6.903,6,2025-03-06 01:31:27,40.79999999999996,39.940585596486926,116.4277621731162,0.7047216349541504,8.0,0.0687499999999999,177,72,123.5878
78.0,13430.48,151,6.408,6,2025-03-06 01:31:35,41.60000000000002,39.941069735214114,116.42773870378733,1.487541837114328,8.0,-0.0618749999999999,177,72,91.75967
77.0,13480.26,152,6.269,6,2025-03-06 01:31:43,42.60000000000002,39.9415176641196,116.42771121114492,2.008838891120906,8.0,-0.017375,177,72,108.14029
77.0,13508.53,155,4.044,6,2025-03-06 01:31:48,43.0,39.94177113287151,116.42773250117898,1.4149274849662932,5.0,-0.4450000000000001,177,72,59.27871
45.0,13531.1,155,5.187,6,2025-03-06 01:31:55,43.0,39.94196433573961,116.42780978232622,0.0,7.0,0.1632857142857144,177,72,113.76508
69.0,13579.46,152,6.017,6,2025-03-06 01:32:03,42.60000000000002,39.942399356514215,116.42782688140868,-0.8271298593878981,8.0,0.10375,177,72,111.50276
78.0,13617.13,157,6.358,6,2025-03-06 01:32:09,42.60000000000002,39.94273723103106,116.42786325886846,0.0,6.0,0.0568333333333332,177,72,133.29233
76.0,13662.03,158,5.797,6,2025-03-06 01:32:16,42.39999999999998,39.94314031675458,116.42782696522772,-0.4454342984410667,7.0,-0.0801428571428571,177,72,110.54554
76.0,13704.32,158,4.749,6,2025-03-06 01:32:24,42.60000000000002,39.94352102279663,116.42782235518098,0.4729250413810592,8.0,-0.131,177,72,87.869194
78.0,13750.49,153,6.541,6,2025-03-06 01:32:32,42.79999999999996,39.94393668137491,116.42783098854125,0.4331817197312789,8.0,0.2240000000000001,177,72,154.93047
77.0,13797.99,153,6.745,6,2025-03-06 01:32:39,42.79999999999996,39.9443618953228,116.4278889913112,0.0,7.0,0.0291428571428571,177,72,132.7468
81.0,13830.04,156,6.421,6,2025-03-06 01:32:44,42.79999999999996,39.94464713148773,116.42794439569116,0.0,5.0,-0.0647999999999999,177,72,113.75209
83.0,13881.2,158,6.145,6,2025-03-06 01:32:52,43.0,39.94510788470507,116.42794489860536,0.3909304143863292,8.0,-0.0345,177,72,120.47557
71.0,13929.03,159,5.958,6,2025-03-06 01:33:00,43.0,39.94553863070905,116.42796057276428,0.0,8.0,-0.0233749999999999,177,72,111.88924
71.0,13976.38,156,6.048,6,2025-03-06 01:33:08,43.39999999999998,39.94596510194242,116.4279712177813,0.8447729672650254,8.0,0.0112499999999999,177,72,115.31722
0.0,14024.81,160,5.828,6,2025-03-06 01:33:16,43.79999999999996,39.94640129618347,116.42796836793424,0.8259343382200597,8.0,-0.0274999999999999,177,72,-1.0847372
0.0,14053.96,159,4.952,6,2025-03-06 01:33:22,43.79999999999996,39.94666331447661,116.42795420251788,0.0,6.0,-0.146,177,72,-13.276681
73.0,14094.73,154,6.13,6,2025-03-06 01:33:29,43.60000000000002,39.94701292365789,116.42780961468816,-0.4905567819473378,7.0,0.1682857142857143,177,72,139.31636
83.0,14141.82,156,6.97,6,2025-03-06 01:33:36,43.60000000000002,39.947391198948026,116.42756058834492,0.0,7.0,0.1199999999999999,177,72,158.59421
82.0,14183.26,157,6.742,6,2025-03-06 01:33:42,43.79999999999996,39.94767936877906,116.4272520504892,0.4826254826253121,6.0,-0.0379999999999999,177,72,126.58386
73.0,14209.28,155,6.662,6,2025-03-06 01:33:46,43.79999999999996,39.94786620140076,116.42706857062876,0.0,4.0,-0.02,177,72,113.89016
74.0,14228.55,153,5.878,6,2025-03-06 01:33:49,43.79999999999996,39.948029732331634,116.42699531279504,0.0,3.0,-0.2613333333333332,177,72,65.764626
72.0,14258.79,154,5.448,6,2025-03-06 01:33:54,43.39999999999998,39.948301473632455,116.4269973244518,-1.3227513227511776,5.0,-0.0859999999999999,177,72,104.506226
81.0,14270.62,156,6.67,6,2025-03-06 01:33:56,43.200000000000045,39.94839652441442,116.426937058568,-1.690617075231894,2.0,0.6109999999999998,177,72,198.19624
88.0,14284.56,155,7.167,6,2025-03-06 01:33:58,43.0,39.94847036898136,116.42680579796432,-1.4347202295556978,2.0,0.2484999999999999,177,72,171.1397
87.0,14299.9,155,7.051,6,2025-03-06 01:34:00,43.0,39.9485029745847,116.42663162201644,0.0,2.0,-0.0579999999999998,177,72,139.22269
0.0,14345.74,158,2.871,6,2025-03-06 01:34:08,44.0,39.94845846667886,116.42609685659409,2.181500872600342,8.0,-0.5225,177,72,-12.63539
73.0,14375.18,154,6.071,6,2025-03-06 01:34:16,44.39999999999998,39.94845922105014,116.42575152218342,1.3586956521738125,8.0,0.3999999999999999,177,72,178.40584
84.0,14429.45,155,6.99,6,2025-03-06 01:34:24,44.39999999999998,39.94852401316166,116.42511935904622,0.0,8.0,0.114875,177,72,170.1808
82.0,14485.43,162,6.802,6,2025-03-06 01:34:32,44.200000000000045,39.948583357036114,116.42446615733206,-0.3572704537333571,8.0,-0.0235,177,72,140.89326
84.0,14539.31,162,6.912,6,2025-03-06 01:34:40,44.39999999999998,39.94858738034964,116.42383340746164,0.3711952487006955,8.0,0.01375,177,72,146.533
85.0,14596.3,159,7.065,6,2025-03-06 01:34:48,44.200000000000045,39.94856399483979,116.42316436395048,-0.3509387611860546,8.0,0.019125,177,72,152.01009
82.0,14651.86,160,7.047,6,2025-03-06 01:34:56,44.0,39.94854127988219,116.42251216806471,-0.359971202303889,8.0,-0.00225,177,72,141.60983
85.0,14708.26,159,7.147,6,2025-03-06 01:35:04,44.200000000000045,39.94851613417268,116.42185024917126,0.3546099290780971,8.0,0.0125,177,72,146.91298
88.0,14765.95,159,7.272,6,2025-03-06 01:35:12,44.0,39.94849643670023,116.42117282375692,-0.3466805338880979,8.0,0.015625,177,72,144.16615
84.0,14823.99,159,7.193,6,2025-03-06 01:35:20,43.79999999999996,39.9484736379236,116.42049137502909,-0.3445899379738951,8.0,-0.009875,177,72,136.67421
0.0,14877.67,158,6.182,6,2025-03-06 01:35:28,43.79999999999996,39.94845218025148,116.41986130736768,0.0,8.0,-0.1263749999999999,177,72,-11.767566
0.0,14921.55,154,3.341,6,2025-03-06 01:35:36,44.0,39.94843348860741,116.41934632323682,0.4557885141295559,8.0,-0.355125,177,72,-15.208276
76.0,14961.93,153,6.654,6,2025-03-06 01:35:44,44.0,39.94841421023011,116.41887257806955,0.0,8.0,0.4141249999999999,177,72,180.40544
89.0,15020.66,159,7.443,6,2025-03-06 01:35:52,44.0,39.94838646613061,116.41818350180984,0.0,8.0,0.0986249999999999,177,72,151.47472
91.0,15079.23,160,7.657,6,2025-03-06 01:36:00,43.79999999999996,39.94835042394698,116.41749719157816,-0.3414717432133284,8.0,0.02675,177,72,151.1279
87.0,15139.63,161,7.39,6,2025-03-06 01:36:08,43.79999999999996,39.94833592325449,116.4167879987508,0.0,8.0,-0.033375,177,72,127.44396
89.0,15197.06,160,7.2,6,2025-03-06 01:36:16,43.79999999999996,39.94832159020007,116.41611367464066,0.0,8.0,-0.0237499999999999,177,72,135.60417
83.0,15255.49,161,7.662,6,2025-03-06 01:36:24,43.79999999999996,39.94832418859005,116.41542728058994,0.0,8.0,0.0577499999999999,177,72,144.8191
87.0,15316.09,160,8.19,6,2025-03-06 01:36:32,44.79999999999996,39.948301054537296,116.41471590846776,1.6501650165016404,8.0,0.0659999999999999,177,72,148.23462
88.0,15383.47,166,8.332,6,2025-03-06 01:36:40,44.79999999999996,39.94827247224748,116.4139249920845,0.0,8.0,0.0177500000000001,177,72,142.73773
88.0,15448.97,169,8.099,6,2025-03-06 01:36:48,45.0,39.94822343811393,116.41315796412528,0.3053435114504511,8.0,-0.029125,177,72,148.16394
87.0,15512.38,171,8.018,6,2025-03-06 01:36:56,44.79999999999996,39.9482022318989,116.41241348348558,-0.3154076644063175,8.0,-0.0101249999999999,177,72,149.08598
87.0,15576.79,173,8.042,6,2025-03-06 01:37:04,45.200000000000045,39.94816987775266,116.4116576872766,0.6210215805000474,8.0,0.0029999999999998,177,72,149.09808
87.0,15639.16,173,7.383,6,2025-03-06 01:37:12,45.0,39.94815210811794,116.41092519275844,-0.3206669873337321,8.0,-0.0823749999999999,177,72,138.4238
0.0,15684.68,174,4.765,6,2025-03-06 01:37:19,45.200000000000045,39.948129476979375,116.4103912655264,0.4393673110721519,7.0,-0.374,177,72,-3.2897215
0.0,15693.3,174,4.27,6,2025-03-06 01:37:21,45.200000000000045,39.948157304897904,116.41029856167734,0.0,2.0,-0.2475,177,72,0.8704425
0.0,15701.77,172,4.559,6,2025-03-06 01:37:23,45.0,39.94822947308421,116.4102746732533,-2.361275088548028,2.0,0.1445000000000003,177,72,9.522156
0.0,15739.4,170,3.925,6,2025-03-06 01:37:30,45.200000000000045,39.94856676086784,116.41030996106564,0.5314908317832839,7.0,-0.0905714285714286,177,72,13.971316
63.0,15748.67,171,2.637,6,2025-03-06 01:37:33,45.60000000000002,39.948645969852805,116.41033167019486,4.314994606256294,3.0,-0.4293333333333333,177,72,97.24982
55.0,15760.79,170,5.32,6,2025-03-06 01:37:36,45.60000000000002,39.94865099899471,116.41047139652072,0.0,3.0,0.8943333333333334,177,72,204.76137
75.0,15798.97,167,6.318,6,2025-03-06 01:37:42,45.0,39.94863163679838,116.41091882251204,-1.5715034049241663,6.0,0.1663333333333332,177,72,172.1888
82.0,15853.19,168,7.211,6,2025-03-06 01:37:50,44.39999999999998,39.94865560904145,116.41155509278178,-1.1066027296200849,8.0,0.111625,177,72,180.7265
89.0,15910.99,166,7.241,6,2025-03-06 01:37:58,43.79999999999996,39.94867706671357,116.41223360784352,-1.0380622837370763,8.0,0.0037499999999999,177,72,145.56987
89.0,15968.8,165,7.421,7,2025-03-06 01:38:06,43.60000000000002,39.94870120659471,116.4129119552672,-0.3459609064174598,8.0,0.0225,177,72,143.57306
91.0,16027.21,165,7.231,7,2025-03-06 01:38:14,43.39999999999998,39.94872970506549,116.41359692439435,-0.3424071220682177,8.0,-0.02375,177,72,147.10043
83.0,16084.23,161,6.997,7,2025-03-06 01:38:22,43.200000000000045,39.94874630123377,116.41426647081973,-0.3507541213608037,8.0,-0.0292499999999999,177,72,140.36165
0.0,16136.31,160,5.903,7,2025-03-06 01:38:30,43.0,39.9487791582942,116.41487658955155,-0.3840245775730525,8.0,-0.13675,177,72,-2.760404
84.0,16157.76,158,4.592,7,2025-03-06 01:38:34,43.0,39.948832131922245,116.41511790454388,0.0,4.0,-0.32775,177,72,83.98757
0.0,16165.71,158,3.761,7,2025-03-06 01:38:36,43.0,39.948893235996366,116.4151626639068,0.0,2.0,-0.4154999999999997,177,72,-6.7822504
70.0,16203.39,159,5.783,7,2025-03-06 01:38:43,42.79999999999996,39.94922800920904,116.41509887762368,-0.5307855626328131,7.0,0.2888571428571428,177,72,177.44171
0.0,16242.95,158,4.617,7,2025-03-06 01:38:51,43.200000000000045,39.9495841562748,116.4150875620544,1.0111223458040388,8.0,-0.14575,177,72,-6.880703
78.0,16292.0,161,6.008,7,2025-03-06 01:38:59,43.0,39.95002537965775,116.41511145047843,-0.4077471967381211,8.0,0.173875,177,72,165.20122
0.0,16319.15,163,0.0,7,2025-03-06 01:39:06,43.0,39.95030541904271,116.41510332003236,0.0,7.0,-0.8582857142857143,177,72,-8.330052
0.0,16320.37,165,0.0,7,2025-03-06 01:39:12,43.79999999999996,39.950280357152224,116.4150886517018,65.57377049173698,6.0,0.0,177,72,9.423284
0.0,16327.28,166,1.426,7,2025-03-06 01:39:22,44.79999999999996,39.95033458806574,116.41504867002368,14.471780028943863,10.0,0.1426,177,72,20.86501
0.0,16328.94,166,1.772,7,2025-03-06 01:39:23,44.79999999999996,39.95034732855856,116.41503852792084,0.0,1.0,0.3460000000000001,177,72,8.241448
0.0,16330.58,166,1.562,7,2025-03-06 01:39:24,44.79999999999996,39.95035788975656,116.41502511687575,0.0,1.0,-0.2099999999999999,177,72,-6.4286838
0.0,16332.26,166,1.562,7,2025-03-06 01:39:25,44.79999999999996,39.95036828331649,116.41501070000233,0.0,1.0,0.0,177,72,-2.210238
0.0,16332.26,166,1.562,7,2025-03-06 01:39:27,44.79999999999996,,,0.0,2.0,0.0,177,72,9.0102415
0.0,16332.26,166,1.562,7,2025-03-06 01:39:28,44.79999999999996,,,0.0,1.0,0.0,177,72,9.0102415
0.0,16332.26,166,1.562,7,2025-03-06 01:39:29,44.79999999999996,,,0.0,1.0,0.0,177,72,9.0102415
0.0,16332.26,165,1.562,7,2025-03-06 01:39:30,44.79999999999996,,,0.0,1.0,0.0,177,72,5.0247107
0.0,16332.26,165,1.562,7,2025-03-06 01:39:31,44.79999999999996,,,0.0,1.0,0.0,177,72,5.0247107
0.0,16332.26,165,1.562,7,2025-03-06 01:39:32,44.79999999999996,,,0.0,1.0,0.0,177,72,5.0247107
0.0,16332.26,164,1.562,7,2025-03-06 01:39:33,44.79999999999996,,,0.0,1.0,0.0,177,72,7.813067
0.0,16332.26,164,1.562,7,2025-03-06 01:39:34,44.79999999999996,,,0.0,1.0,0.0,177,72,7.813067
0.0,16332.26,164,1.562,7,2025-03-06 01:39:35,44.79999999999996,,,0.0,1.0,0.0,177,72,7.813067
0.0,16332.26,163,1.562,7,2025-03-06 01:39:36,44.79999999999996,,,0.0,1.0,0.0,177,72,5.8588037
0.0,16332.26,162,1.562,7,2025-03-06 01:39:37,45.0,,,0.0,1.0,0.0,177,72,6.5146832
0.0,16332.26,161,1.562,7,2025-03-06 01:39:38,45.0,,,0.0,1.0,0.0,177,72,7.6009817
0.0,16332.26,161,1.562,7,2025-03-06 01:39:39,45.0,,,0.0,1.0,0.0,177,72,7.6009817
0.0,16332.26,160,1.562,7,2025-03-06 01:39:40,45.0,,,0.0,1.0,0.0,177,72,7.857332
0.0,16332.26,159,0.0,7,2025-03-06 01:39:41,45.0,,,0.0,1.0,-1.562,177,72,-1.375022
0.0,16332.26,158,0.0,7,2025-03-06 01:39:42,45.0,,,0.0,1.0,0.0,177,72,-1.0662297
0.0,16332.26,158,0.0,7,2025-03-06 01:39:43,45.0,,,0.0,1.0,0.0,177,72,-1.0662297
0.0,16332.26,157,0.0,7,2025-03-06 01:39:44,44.79999999999996,,,0.0,1.0,0.0,177,72,-1.5819262
